Year,Agency Type,Agency Name,Total Hate Crime Cases Referred,Total Cases Filed as Hate Crimes,Total Cases Filed as Non-Bias Motivated Crimes,Total Dispositions,Not Convicted,Total Convictions,Total Hate Crime Convictions,Guilty plea/Nolo contendere,Trial Verdict,All Other Convictions
2004,County DA,Alameda,2,2,0,2,1,1,1,1,0,0
2004,County DA,Alpine,0,0,0,0,0,0,0,0,0,0
2004,County DA,Amador,1,1,0,1,0,1,0,0,0,1
2004,County DA,Butte,8,8,2,7,1,6,2,1,1,4
2004,County DA,Calaveras,0,0,0,0,0,0,0,0,0,0
2004,County DA,Colusa,0,0,0,0,0,0,0,0,0,0
2004,County DA,Contra Costa,4,3,2,2,0,2,1,0,1,1
2004,County DA,Del Norte,4,0,4,0,0,0,0,0,0,0
2004,County DA,El Dorado,1,1,0,1,0,1,1,1,0,0
2004,County DA,Fresno,5,5,1,7,3,4,2,1,1,2
2004,County DA,Glenn,3,3,0,6,0,6,3,3,0,3
2004,County DA,Humboldt,3,0,1,0,0,0,0,0,0,0
2004,County DA,Imperial,0,0,0,0,0,0,0,0,0,0
2004,County DA,Inyo,0,0,0,0,0,0,0,0,0,0
2004,County DA,Kern,0,15,0,15,1,14,6,6,0,8
2004,County DA,Kings,0,0,0,0,0,0,0,0,0,0
2004,County DA,Lake,0,0,0,0,0,0,0,0,0,0
2004,County DA,Lassen,0,0,0,0,0,0,0,0,0,0
2004,County DA,Los Angeles,151,89,54,97,14,83,49,25,24,34
2004,County DA,Madera,0,0,0,0,0,0,0,0,0,0
2004,County DA,Marin,2,2,0,2,0,2,0,0,0,2
2004,County DA,Mariposa,0,0,0,0,0,0,0,0,0,0
2004,County DA,Mendocino,1,1,0,2,0,2,1,1,0,1
2004,County DA,Merced,0,0,0,0,0,0,0,0,0,0
2004,County DA,Modoc,0,0,0,0,0,0,0,0,0,0
2004,County DA,Mono,0,0,0,0,0,0,0,0,0,0
2004,County DA,Monterey,4,3,1,5,0,5,1,1,0,4
2004,County DA,Napa,1,1,0,0,0,0,0,0,0,0
2004,County DA,Nevada,1,0,1,0,0,0,0,0,0,0
2004,County DA,Orange,10,6,1,13,1,12,6,6,0,6
2004,County DA,Placer,0,0,0,0,0,0,0,0,0,0
2004,County DA,Plumas,1,0,1,0,0,0,0,0,0,0
2004,County DA,Riverside,43,33,7,35,3,32,20,18,2,12
2004,County DA,Sacramento,9,7,0,3,0,3,2,2,0,1
2004,County DA,San Benito,0,0,0,0,0,0,0,0,0,0
2004,County DA,San Bernardino,13,11,0,6,0,6,1,1,0,5
2004,County DA,San Diego,22,16,3,16,0,16,16,14,2,0
2004,County DA,San Francisco,19,7,2,2,0,2,2,2,0,0
2004,County DA,San Joaquin,0,0,0,0,0,0,0,0,0,0
2004,County DA,San Luis Obispo,2,2,0,2,2,0,0,0,0,0
2004,County DA,San Mateo,5,4,0,4,2,2,2,2,0,0
2004,County DA,Santa Barbara,7,6,1,4,1,3,2,2,0,1
2004,County DA,Santa Clara,16,8,4,8,1,7,3,3,0,4
2004,County DA,Santa Cruz,5,1,1,1,0,1,0,0,0,1
2004,County DA,Shasta,16,10,4,9,4,5,5,5,0,0
2004,County DA,Sierra,0,0,0,0,0,0,0,0,0,0
2004,County DA,Siskiyou,0,0,0,0,0,0,0,0,0,0
2004,County DA,Solano,0,0,0,0,0,0,0,0,0,0
2004,County DA,Sonoma,0,0,0,0,0,0,0,0,0,0
2004,County DA,Stanislaus,0,0,0,0,0,0,0,0,0,0
2004,County DA,Sutter,0,0,0,0,0,0,0,0,0,0
2004,County DA,Tehama,0,0,0,0,0,0,0,0,0,0
2004,County DA,Trinity,0,0,0,0,0,0,0,0,0,0
2004,County DA,Tulare,3,3,0,3,2,1,0,0,0,1
2004,County DA,Tuolumne,2,2,0,2,0,2,2,2,0,0
2004,County DA,Ventura,7,7,0,4,0,4,4,3,1,0
2004,County DA,Yolo,6,6,0,6,0,6,1,1,0,5
2004,County DA,Yuba,0,0,0,0,0,0,0,0,0,0
2004,Elected City Attorney,Anaheim,0,0,0,0,0,0,0,0,0,0
2004,Elected City Attorney,Burbank,0,0,0,0,0,0,0,0,0,0
2004,Elected City Attorney,Inglewood,0,0,0,0,0,0,0,0,0,0
2004,Elected City Attorney,Long Beach,3,3,0,3,0,3,1,1,0,2
2004,Elected City Attorney,Los Angeles,12,5,2,5,0,5,4,4,0,1
2004,Elected City Attorney,Pasadena,0,0,0,0,0,0,0,0,0,0
2004,Elected City Attorney,San Diego,14,5,2,5,0,5,1,1,0,4
2004,Elected City Attorney,Torrance,1,1,0,0,0,0,0,0,0,0
2005,County DA,Alameda,8,8,0,0,0,0,0,0,0,0
2005,County DA,Alpine,0,0,0,0,0,0,0,0,0,0
2005,County DA,Amador,0,0,0,0,0,0,0,0,0,0
2005,County DA,Butte,5,3,2,2,0,2,1,1,0,1
2005,County DA,Calaveras,0,0,0,0,0,0,0,0,0,0
2005,County DA,Colusa,0,0,0,0,0,0,0,0,0,0
2005,County DA,Contra Costa,7,9,1,6,0,6,1,1,0,5
2005,County DA,Del Norte,0,0,0,0,0,0,0,0,0,0
2005,County DA,El Dorado,3,2,1,2,1,1,1,1,0,0
2005,County DA,Fresno,14,11,0,8,1,7,0,0,0,7
2005,County DA,Glenn,0,0,0,0,0,0,0,0,0,0
2005,County DA,Humboldt,0,0,0,0,0,0,0,0,0,0
2005,County DA,Imperial,0,0,0,0,0,0,0,0,0,0
2005,County DA,Inyo,0,0,0,0,0,0,0,0,0,0
2005,County DA,Kern,0,6,0,6,0,6,1,1,0,5
2005,County DA,Kings,0,0,0,0,0,0,0,0,0,0
2005,County DA,Lake,0,0,0,0,0,0,0,0,0,0
2005,County DA,Lassen,0,0,0,0,0,0,0,0,0,0
2005,County DA,Los Angeles,147,117,21,108,23,85,40,17,23,45
2005,County DA,Madera,0,0,0,0,0,0,0,0,0,0
2005,County DA,Marin,5,1,2,1,0,1,0,0,0,1
2005,County DA,Mariposa,0,0,0,0,0,0,0,0,0,0
2005,County DA,Mendocino,2,1,0,0,0,0,0,0,0,0
2005,County DA,Merced,3,1,2,1,0,1,1,1,0,0
2005,County DA,Modoc,0,0,0,0,0,0,0,0,0,0
2005,County DA,Mono,0,0,0,0,0,0,0,0,0,0
2005,County DA,Monterey,6,6,0,5,0,5,4,4,0,1
2005,County DA,Napa,2,1,0,0,0,0,0,0,0,0
2005,County DA,Nevada,3,3,0,2,0,2,2,2,0,0
2005,County DA,Orange,20,18,0,14,2,12,10,10,0,2
2005,County DA,Placer,1,0,1,0,0,0,0,0,0,0
2005,County DA,Plumas,0,0,0,0,0,0,0,0,0,0
2005,County DA,Riverside,29,13,8,21,0,21,13,12,1,8
2005,County DA,Sacramento,11,9,0,7,0,7,7,7,0,0
2005,County DA,San Benito,0,0,0,0,0,0,0,0,0,0
2005,County DA,San Bernardino,9,9,0,4,0,4,1,1,0,3
2005,County DA,San Diego,24,18,1,18,0,18,16,16,0,2
2005,County DA,San Francisco,26,16,2,10,0,10,7,7,0,3
2005,County DA,San Joaquin,6,6,0,6,2,4,2,2,0,2
2005,County DA,San Luis Obispo,5,2,1,1,1,0,0,0,0,0
2005,County DA,San Mateo,6,5,0,3,2,1,0,0,0,1
2005,County DA,Santa Barbara,0,0,0,0,0,0,0,0,0,0
2005,County DA,Santa Clara,17,9,6,6,0,6,6,6,0,0
2005,County DA,Santa Cruz,1,1,0,1,0,1,1,1,0,0
2005,County DA,Shasta,7,5,0,4,0,4,0,0,0,4
2005,County DA,Sierra,0,0,0,0,0,0,0,0,0,0
2005,County DA,Siskiyou,0,0,0,0,0,0,0,0,0,0
2005,County DA,Solano,4,4,4,1,0,1,0,0,0,1
2005,County DA,Sonoma,5,5,0,4,3,1,1,1,0,0
2005,County DA,Stanislaus,1,1,0,1,0,1,1,1,0,0
2005,County DA,Sutter,0,0,0,0,0,0,0,0,0,0
2005,County DA,Tehama,0,0,0,0,0,0,0,0,0,0
2005,County DA,Trinity,0,0,0,0,0,0,0,0,0,0
2005,County DA,Tulare,3,3,0,1,1,0,0,0,0,0
2005,County DA,Tuolumne,1,1,0,3,0,3,3,3,0,0
2005,County DA,Ventura,7,7,0,4,0,4,4,4,0,0
2005,County DA,Yolo,6,6,0,7,0,7,4,4,0,3
2005,County DA,Yuba,8,8,0,6,0,6,4,3,1,2
2005,Elected City Attorney,Anaheim,0,0,0,0,0,0,0,0,0,0
2005,Elected City Attorney,Burbank,1,1,0,1,0,1,1,1,0,0
2005,Elected City Attorney,Inglewood,0,0,0,0,0,0,0,0,0,0
2005,Elected City Attorney,Long Beach,0,0,0,0,0,0,0,0,0,0
2005,Elected City Attorney,Los Angeles,19,5,6,3,0,3,2,2,0,1
2005,Elected City Attorney,Pasadena,0,0,0,0,0,0,0,0,0,0
2005,Elected City Attorney,San Diego,25,8,8,5,0,5,2,2,0,3
2005,Elected City Attorney,Torrance,1,1,0,2,0,2,1,1,0,1
2006,County DA,Alameda,4,4,0,5,0,5,5,5,0,0
2006,County DA,Alpine,0,0,0,0,0,0,0,0,0,0
2006,County DA,Amador,0,0,0,0,0,0,0,0,0,0
2006,County DA,Butte,1,4,0,3,0,3,1,1,0,2
2006,County DA,Calaveras,0,0,0,0,0,0,0,0,0,0
2006,County DA,Colusa,0,0,0,0,0,0,0,0,0,0
2006,County DA,Contra Costa,0,6,0,9,2,7,1,1,0,6
2006,County DA,Del Norte,4,3,1,4,0,4,3,3,0,1
2006,County DA,El Dorado,0,0,0,0,0,0,0,0,0,0
2006,County DA,Fresno,2,2,0,2,0,2,1,0,1,1
2006,County DA,Glenn,0,0,0,0,0,0,0,0,0,0
2006,County DA,Humboldt,4,2,2,2,1,1,1,1,0,0
2006,County DA,Imperial,0,0,0,0,0,0,0,0,0,0
2006,County DA,Inyo,0,0,0,0,0,0,0,0,0,0
2006,County DA,Kern,0,6,0,4,0,4,0,0,0,4
2006,County DA,Kings,0,0,0,0,0,0,0,0,0,0
2006,County DA,Lake,0,0,0,0,0,0,0,0,0,0
2006,County DA,Lassen,0,0,0,0,0,0,0,0,0,0
2006,County DA,Los Angeles,145,106,23,117,17,100,71,39,32,29
2006,County DA,Madera,1,1,0,0,0,0,0,0,0,0
2006,County DA,Marin,3,0,1,0,0,0,0,0,0,0
2006,County DA,Mariposa,0,0,0,0,0,0,0,0,0,0
2006,County DA,Mendocino,10,6,4,6,1,5,1,1,0,4
2006,County DA,Merced,0,0,0,0,0,0,0,0,0,0
2006,County DA,Modoc,0,0,0,0,0,0,0,0,0,0
2006,County DA,Mono,1,1,0,0,0,0,0,0,0,0
2006,County DA,Monterey,1,1,0,2,0,2,1,1,0,1
2006,County DA,Napa,0,0,0,0,0,0,0,0,0,0
2006,County DA,Nevada,2,0,2,0,0,0,0,0,0,0
2006,County DA,Orange,16,14,0,12,0,12,11,10,1,1
2006,County DA,Placer,0,0,0,0,0,0,0,0,0,0
2006,County DA,Plumas,0,1,1,0,0,0,0,0,0,0
2006,County DA,Riverside,10,8,2,7,0,7,3,2,1,4
2006,County DA,Sacramento,6,3,0,2,0,2,2,2,0,0
2006,County DA,San Benito,0,0,0,0,0,0,0,0,0,0
2006,County DA,San Bernardino,6,6,0,2,1,1,0,0,0,1
2006,County DA,San Diego,13,9,1,7,0,7,5,5,0,2
2006,County DA,San Francisco,26,9,7,11,2,9,5,5,0,4
2006,County DA,San Joaquin,2,2,0,1,0,1,1,1,0,0
2006,County DA,San Luis Obispo,7,6,1,5,4,1,1,1,0,0
2006,County DA,San Mateo,8,7,0,3,0,3,0,0,0,3
2006,County DA,Santa Barbara,2,0,1,1,0,1,0,0,0,1
2006,County DA,Santa Clara,19,11,7,5,0,5,5,5,0,0
2006,County DA,Santa Cruz,6,3,1,3,0,3,2,2,0,1
2006,County DA,Shasta,5,13,2,9,1,8,4,4,0,4
2006,County DA,Sierra,0,0,0,0,0,0,0,0,0,0
2006,County DA,Siskiyou,0,0,0,0,0,0,0,0,0,0
2006,County DA,Solano,1,1,0,0,0,0,0,0,0,0
2006,County DA,Sonoma,6,5,0,4,0,4,4,4,0,0
2006,County DA,Stanislaus,2,2,0,2,0,2,0,0,0,2
2006,County DA,Sutter,0,0,0,0,0,0,0,0,0,0
2006,County DA,Tehama,0,0,0,0,0,0,0,0,0,0
2006,County DA,Trinity,0,0,0,0,0,0,0,0,0,0
2006,County DA,Tulare,1,2,0,1,0,1,0,0,0,1
2006,County DA,Tuolumne,1,0,0,0,0,0,0,0,0,0
2006,County DA,Ventura,12,11,1,8,1,7,6,3,3,1
2006,County DA,Yolo,3,2,1,3,1,2,1,1,0,1
2006,County DA,Yuba,7,5,0,5,0,5,1,1,0,4
2006,Elected City Attorney,Anaheim,0,0,0,0,0,0,0,0,0,0
2006,Elected City Attorney,Burbank,0,0,0,0,0,0,0,0,0,0
2006,Elected City Attorney,Inglewood,0,0,0,0,0,0,0,0,0,0
2006,Elected City Attorney,Long Beach,2,2,0,0,0,0,0,0,0,0
2006,Elected City Attorney,Los Angeles,12,4,2,2,0,2,2,2,0,0
2006,Elected City Attorney,Pasadena,0,0,0,0,0,0,0,0,0,0
2006,Elected City Attorney,San Diego,12,4,2,2,0,2,2,2,0,0
2006,Elected City Attorney,Torrance,0,0,0,0,0,0,0,0,0,0
2007,County DA,Alameda,4,4,0,6,3,3,0,0,0,3
2007,County DA,Alpine,0,0,0,0,0,0,0,0,0,0
2007,County DA,Amador,1,1,0,1,0,1,1,1,0,0
2007,County DA,Butte,4,0,2,0,0,0,0,0,0,0
2007,County DA,Calaveras,2,2,0,2,0,2,0,0,0,2
2007,County DA,Colusa,0,0,0,0,0,0,0,0,0,0
2007,County DA,Contra Costa,1,0,0,2,0,2,1,1,0,1
2007,County DA,Del Norte,2,2,2,3,0,3,1,1,0,2
2007,County DA,El Dorado,2,2,0,3,1,2,1,1,0,1
2007,County DA,Fresno,3,5,1,3,0,3,0,0,0,3
2007,County DA,Glenn,1,1,0,1,0,1,1,1,0,0
2007,County DA,Humboldt,2,1,0,1,0,1,0,0,0,1
2007,County DA,Imperial,0,0,0,0,0,0,0,0,0,0
2007,County DA,Inyo,0,0,0,0,0,0,0,0,0,0
2007,County DA,Kern,0,7,0,5,1,4,0,0,0,4
2007,County DA,Kings,2,0,1,0,0,0,0,0,0,0
2007,County DA,Lake,0,0,0,0,0,0,0,0,0,0
2007,County DA,Lassen,1,0,0,0,0,0,0,0,0,0
2007,County DA,Los Angeles,179,148,21,87,16,71,48,23,25,23
2007,County DA,Madera,2,2,0,2,0,2,1,1,0,1
2007,County DA,Marin,1,0,1,0,0,0,0,0,0,0
2007,County DA,Mariposa,0,0,0,0,0,0,0,0,0,0
2007,County DA,Mendocino,4,4,0,2,0,2,1,1,0,1
2007,County DA,Merced,0,0,0,0,0,0,0,0,0,0
2007,County DA,Modoc,0,0,0,0,0,0,0,0,0,0
2007,County DA,Mono,1,0,0,1,0,1,0,0,0,1
2007,County DA,Monterey,5,5,0,2,0,2,0,0,0,2
2007,County DA,Napa,1,1,0,0,0,0,0,0,0,0
2007,County DA,Nevada,1,0,0,0,0,0,0,0,0,0
2007,County DA,Orange,22,17,2,17,1,16,12,12,0,4
2007,County DA,Placer,1,0,0,0,0,0,0,0,0,0
2007,County DA,Plumas,0,0,0,0,0,0,0,0,0,0
2007,County DA,Riverside,33,10,13,8,0,8,1,1,0,7
2007,County DA,Sacramento,9,7,0,1,0,1,0,0,0,1
2007,County DA,San Benito,0,0,0,0,0,0,0,0,0,0
2007,County DA,San Bernardino,10,10,0,9,0,9,2,2,0,7
2007,County DA,San Diego,15,14,0,14,0,14,8,8,0,6
2007,County DA,San Francisco,7,7,2,7,1,6,3,3,0,3
2007,County DA,San Joaquin,4,4,0,2,0,2,1,1,0,1
2007,County DA,San Luis Obispo,7,5,1,3,2,1,1,1,0,0
2007,County DA,San Mateo,5,4,0,4,1,3,1,1,0,2
2007,County DA,Santa Barbara,2,1,0,1,0,1,1,1,0,0
2007,County DA,Santa Clara,20,9,2,7,0,7,6,6,0,1
2007,County DA,Santa Cruz,7,3,1,4,0,4,0,0,0,4
2007,County DA,Shasta,8,5,1,7,0,7,6,6,0,1
2007,County DA,Sierra,0,0,0,0,0,0,0,0,0,0
2007,County DA,Siskiyou,0,0,0,0,0,0,0,0,0,0
2007,County DA,Solano,0,0,0,0,0,0,0,0,0,0
2007,County DA,Sonoma,2,0,0,1,0,1,1,1,0,0
2007,County DA,Stanislaus,1,3,0,3,1,2,0,0,0,2
2007,County DA,Sutter,2,2,0,1,0,1,0,0,0,1
2007,County DA,Tehama,0,0,0,0,0,0,0,0,0,0
2007,County DA,Trinity,0,0,0,0,0,0,0,0,0,0
2007,County DA,Tulare,1,1,0,1,0,1,1,1,0,0
2007,County DA,Tuolumne,0,0,0,0,0,0,0,0,0,0
2007,County DA,Ventura,14,11,2,6,0,6,6,6,0,0
2007,County DA,Yolo,5,5,0,2,0,2,1,1,0,1
2007,County DA,Yuba,2,1,1,0,0,0,0,0,0,0
2007,Elected City Attorney,Anaheim,2,1,1,2,0,2,0,0,0,2
2007,Elected City Attorney,Burbank,0,0,0,0,0,0,0,0,0,0
2007,Elected City Attorney,Inglewood,0,0,0,0,0,0,0,0,0,0
2007,Elected City Attorney,Long Beach,2,2,0,2,0,2,0,0,0,2
2007,Elected City Attorney,Los Angeles,32,16,3,13,1,12,3,3,0,9
2007,Elected City Attorney,Pasadena,0,0,0,0,0,0,0,0,0,0
2007,Elected City Attorney,San Diego,9,5,0,3,0,3,1,1,0,2
2007,Elected City Attorney,Torrance,2,2,0,2,0,2,0,0,0,2
2008,County DA,Alameda,10,10,0,7,0,7,2,2,0,5
2008,County DA,Alpine,0,0,0,0,0,0,0,0,0,0
2008,County DA,Amador,0,0,0,0,0,0,0,0,0,0
2008,County DA,Butte,7,2,3,1,1,0,0,0,0,0
2008,County DA,Calaveras,0,0,0,0,0,0,0,0,0,0
2008,County DA,Colusa,0,0,0,0,0,0,0,0,0,0
2008,County DA,Contra Costa,3,1,1,0,0,0,0,0,0,0
2008,County DA,Del Norte,1,0,0,0,0,0,0,0,0,0
2008,County DA,El Dorado,2,0,2,2,2,0,0,0,0,0
2008,County DA,Fresno,4,4,0,4,1,3,2,2,0,1
2008,County DA,Glenn,0,0,0,0,0,0,0,0,0,0
2008,County DA,Humboldt,1,0,1,1,0,1,1,1,0,0
2008,County DA,Imperial,0,0,0,0,0,0,0,0,0,0
2008,County DA,Inyo,2,2,0,2,0,2,2,2,0,0
2008,County DA,Kern,0,3,0,3,0,3,1,1,0,2
2008,County DA,Kings,0,0,0,0,0,0,0,0,0,0
2008,County DA,Lake,1,1,0,0,0,0,0,0,0,0
2008,County DA,Lassen,0,0,0,0,0,0,0,0,0,0
2008,County DA,Los Angeles,219,145,0,88,16,72,46,20,26,26
2008,County DA,Madera,2,1,1,0,0,0,0,0,0,0
2008,County DA,Marin,0,0,0,0,0,0,0,0,0,0
2008,County DA,Mariposa,0,0,0,0,0,0,0,0,0,0
2008,County DA,Mendocino,1,1,0,1,0,1,0,0,0,1
2008,County DA,Merced,0,0,0,0,0,0,0,0,0,0
2008,County DA,Modoc,0,0,0,0,0,0,0,0,0,0
2008,County DA,Mono,0,0,0,0,0,0,0,0,0,0
2008,County DA,Monterey,13,4,9,4,0,4,3,3,0,1
2008,County DA,Napa,2,1,0,2,0,2,1,1,0,1
2008,County DA,Nevada,3,3,0,0,0,0,0,0,0,0
2008,County DA,Orange,29,19,2,32,1,31,25,25,0,6
2008,County DA,Placer,2,1,1,1,0,1,0,0,0,1
2008,County DA,Plumas,0,0,0,0,0,0,0,0,0,0
2008,County DA,Riverside,18,6,6,10,0,10,4,4,0,6
2008,County DA,Sacramento,6,5,0,3,0,3,3,3,0,0
2008,County DA,San Benito,0,0,0,0,0,0,0,0,0,0
2008,County DA,San Bernardino,17,17,0,12,2,10,1,1,0,9
2008,County DA,San Diego,12,12,0,7,0,7,6,6,0,1
2008,County DA,San Francisco,17,7,6,3,0,3,3,2,1,0
2008,County DA,San Joaquin,5,5,0,5,1,4,1,1,0,3
2008,County DA,San Luis Obispo,4,2,2,2,0,2,2,2,0,0
2008,County DA,San Mateo,4,4,0,4,0,4,4,3,1,0
2008,County DA,Santa Barbara,2,0,2,1,0,1,0,0,0,1
2008,County DA,Santa Clara,25,12,6,7,1,6,4,4,0,2
2008,County DA,Santa Cruz,2,2,0,1,0,1,1,1,0,0
2008,County DA,Shasta,7,7,0,6,0,6,3,3,0,3
2008,County DA,Sierra,0,0,0,0,0,0,0,0,0,0
2008,County DA,Siskiyou,0,0,0,0,0,0,0,0,0,0
2008,County DA,Solano,2,2,0,1,0,1,1,1,0,0
2008,County DA,Sonoma,10,5,2,4,2,2,0,0,0,2
2008,County DA,Stanislaus,2,1,1,2,0,2,1,1,0,1
2008,County DA,Sutter,1,1,0,2,0,2,1,1,0,1
2008,County DA,Tehama,0,0,0,0,0,0,0,0,0,0
2008,County DA,Trinity,0,0,0,0,0,0,0,0,0,0
2008,County DA,Tulare,0,0,0,0,0,0,0,0,0,0
2008,County DA,Tuolumne,0,0,0,0,0,0,0,0,0,0
2008,County DA,Ventura,21,21,0,9,0,9,7,7,0,2
2008,County DA,Yolo,5,4,1,1,0,1,0,0,0,1
2008,County DA,Yuba,4,4,0,2,0,2,0,0,0,2
2008,Elected City Attorney,Anaheim,0,0,0,0,0,0,0,0,0,0
2008,Elected City Attorney,Burbank,4,4,0,2,0,2,0,0,0,2
2008,Elected City Attorney,Inglewood,0,0,0,0,0,0,0,0,0,0
2008,Elected City Attorney,Long Beach,0,0,0,0,0,0,0,0,0,0
2008,Elected City Attorney,Los Angeles,43,25,0,22,0,22,3,3,0,19
2008,Elected City Attorney,Pasadena,0,0,0,0,0,0,0,0,0,0
2008,Elected City Attorney,San Diego,13,5,3,5,1,4,0,0,0,4
2008,Elected City Attorney,Torrance,4,4,0,1,0,1,0,0,0,1
2009,County DA,Alameda,7,8,0,8,1,7,2,2,0,5
2009,County DA,Alpine,0,0,0,0,0,0,0,0,0,0
2009,County DA,Amador,1,1,0,1,0,1,0,0,0,1
2009,County DA,Butte,4,2,2,1,0,1,1,1,0,0
2009,County DA,Calaveras,0,0,0,0,0,0,0,0,0,0
2009,County DA,Colusa,0,0,0,0,0,0,0,0,0,0
2009,County DA,Contra Costa,5,4,1,5,4,1,0,0,0,1
2009,County DA,Del Norte,0,0,0,0,0,0,0,0,0,0
2009,County DA,El Dorado,2,0,2,2,0,2,0,0,0,2
2009,County DA,Fresno,3,3,0,2,0,2,0,0,0,2
2009,County DA,Glenn,0,0,0,0,0,0,0,0,0,0
2009,County DA,Humboldt,1,0,0,0,0,0,0,0,0,0
2009,County DA,Imperial,0,0,0,0,0,0,0,0,0,0
2009,County DA,Inyo,0,0,0,0,0,0,0,0,0,0
2009,County DA,Kern,0,1,0,1,1,0,0,0,0,0
2009,County DA,Kings,0,0,0,0,0,0,0,0,0,0
2009,County DA,Lake,0,0,0,0,0,0,0,0,0,0
2009,County DA,Lassen,1,0,1,1,0,1,0,0,0,1
2009,County DA,Los Angeles,170,99,32,117,18,99,61,27,34,38
2009,County DA,Madera,0,0,0,0,0,0,0,0,0,0
2009,County DA,Marin,2,3,1,1,0,1,1,0,1,0
2009,County DA,Mariposa,0,0,0,0,0,0,0,0,0,0
2009,County DA,Mendocino,1,1,0,1,0,1,1,1,0,0
2009,County DA,Merced,4,2,2,0,0,0,0,0,0,0
2009,County DA,Modoc,0,0,0,0,0,0,0,0,0,0
2009,County DA,Mono,0,0,0,0,0,0,0,0,0,0
2009,County DA,Monterey,1,1,0,3,0,3,3,3,0,0
2009,County DA,Napa,0,0,0,0,0,0,0,0,0,0
2009,County DA,Nevada,0,0,0,0,0,0,0,0,0,0
2009,County DA,Orange,36,19,9,11,0,11,11,9,2,0
2009,County DA,Placer,1,1,0,1,0,1,0,0,0,1
2009,County DA,Plumas,0,0,0,0,0,0,0,0,0,0
2009,County DA,Riverside,26,11,7,10,0,10,7,4,3,3
2009,County DA,Sacramento,5,4,0,0,0,0,0,0,0,0
2009,County DA,San Benito,0,0,0,0,0,0,0,0,0,0
2009,County DA,San Bernardino,7,7,0,6,0,6,0,0,0,6
2009,County DA,San Diego,31,22,8,21,2,19,10,10,0,9
2009,County DA,San Francisco,29,12,2,6,0,6,4,2,2,2
2009,County DA,San Joaquin,4,4,0,0,0,0,0,0,0,0
2009,County DA,San Luis Obispo,6,4,0,3,1,2,2,2,0,0
2009,County DA,San Mateo,5,5,0,4,0,4,3,3,0,1
2009,County DA,Santa Barbara,2,0,1,0,0,0,0,0,0,0
2009,County DA,Santa Clara,30,12,9,9,0,9,8,7,1,1
2009,County DA,Santa Cruz,3,1,0,2,1,1,1,1,0,0
2009,County DA,Shasta,7,7,0,5,0,5,1,1,0,4
2009,County DA,Sierra,0,0,0,0,0,0,0,0,0,0
2009,County DA,Siskiyou,0,0,0,0,0,0,0,0,0,0
2009,County DA,Solano,3,3,0,1,1,0,0,0,0,0
2009,County DA,Sonoma,1,1,0,1,0,1,0,0,0,1
2009,County DA,Stanislaus,1,0,1,0,0,0,0,0,0,0
2009,County DA,Sutter,0,0,0,0,0,0,0,0,0,0
2009,County DA,Tehama,0,0,0,0,0,0,0,0,0,0
2009,County DA,Trinity,0,0,0,0,0,0,0,0,0,0
2009,County DA,Tulare,9,9,0,9,1,8,4,4,0,4
2009,County DA,Tuolumne,0,0,0,0,0,0,0,0,0,0
2009,County DA,Ventura,21,17,0,8,1,7,7,6,1,0
2009,County DA,Yolo,1,1,0,2,1,1,1,1,0,0
2009,County DA,Yuba,3,3,0,2,0,2,0,0,0,2
2009,Elected City Attorney,Anaheim,0,0,0,0,0,0,0,0,0,0
2009,Elected City Attorney,Burbank,0,0,0,0,0,0,0,0,0,0
2009,Elected City Attorney,Inglewood,0,0,0,0,0,0,0,0,0,0
2009,Elected City Attorney,Long Beach,0,0,0,0,0,0,0,0,0,0
2009,Elected City Attorney,Los Angeles,27,12,0,12,2,10,3,3,0,7
2009,Elected City Attorney,Pasadena,0,0,0,0,0,0,0,0,0,0
2009,Elected City Attorney,San Diego,17,1,2,1,0,1,0,0,0,1
2009,Elected City Attorney,Torrance,2,2,0,0,0,0,0,0,0,0
2010,County DA,Alameda,9,11,0,7,0,7,1,1,0,6
2010,County DA,Alpine,0,0,0,0,0,0,0,0,0,0
2010,County DA,Amador,0,0,0,0,0,0,0,0,0,0
2010,County DA,Butte,9,1,4,1,0,1,1,1,0,0
2010,County DA,Calaveras,0,0,0,0,0,0,0,0,0,0
2010,County DA,Colusa,0,0,0,0,0,0,0,0,0,0
2010,County DA,Contra Costa,3,6,1,7,5,2,2,2,0,0
2010,County DA,Del Norte,0,0,0,0,0,0,0,0,0,0
2010,County DA,El Dorado,0,0,0,0,0,0,0,0,0,0
2010,County DA,Fresno,1,1,0,1,0,1,1,1,0,0
2010,County DA,Glenn,0,0,0,0,0,0,0,0,0,0
2010,County DA,Humboldt,6,3,0,1,0,1,0,0,0,1
2010,County DA,Imperial,1,0,0,0,0,0,0,0,0,0
2010,County DA,Inyo,3,2,1,3,0,3,0,0,0,3
2010,County DA,Kern,0,8,0,5,0,5,1,1,0,4
2010,County DA,Kings,0,0,0,0,0,0,0,0,0,0
2010,County DA,Lake,0,0,0,0,0,0,0,0,0,0
2010,County DA,Lassen,0,0,0,0,0,0,0,0,0,0
2010,County DA,Los Angeles,81,69,0,32,1,31,16,14,2,15
2010,County DA,Madera,2,2,0,2,1,1,1,1,0,0
2010,County DA,Marin,1,3,0,0,0,0,0,0,0,0
2010,County DA,Mariposa,0,0,0,0,0,0,0,0,0,0
2010,County DA,Mendocino,4,4,0,3,0,3,1,1,0,2
2010,County DA,Merced,0,0,0,2,1,1,0,0,0,1
2010,County DA,Modoc,0,0,0,0,0,0,0,0,0,0
2010,County DA,Mono,0,0,0,0,0,0,0,0,0,0
2010,County DA,Monterey,4,2,0,1,0,1,0,0,0,1
2010,County DA,Napa,0,0,0,0,0,0,0,0,0,0
2010,County DA,Nevada,0,0,0,0,0,0,0,0,0,0
2010,County DA,Orange,20,6,3,10,1,9,7,7,0,2
2010,County DA,Placer,3,2,0,2,0,2,0,0,0,2
2010,County DA,Plumas,0,0,0,0,0,0,0,0,0,0
2010,County DA,Riverside,17,1,10,10,0,10,4,4,0,6
2010,County DA,Sacramento,6,4,0,3,0,3,0,0,0,3
2010,County DA,San Benito,0,0,0,0,0,0,0,0,0,0
2010,County DA,San Bernardino,11,11,0,6,0,6,0,0,0,6
2010,County DA,San Diego,22,17,3,20,0,20,8,6,2,12
2010,County DA,San Francisco,37,24,4,14,1,13,9,9,0,4
2010,County DA,San Joaquin,3,3,0,4,0,4,3,2,1,1
2010,County DA,San Luis Obispo,2,1,1,1,1,0,0,0,0,0
2010,County DA,San Mateo,5,0,0,0,0,0,0,0,0,0
2010,County DA,Santa Barbara,3,1,0,0,0,0,0,0,0,0
2010,County DA,Santa Clara,31,12,9,3,0,3,2,2,0,1
2010,County DA,Santa Cruz,8,8,0,7,0,7,3,3,0,4
2010,County DA,Shasta,3,1,0,1,1,0,0,0,0,0
2010,County DA,Sierra,0,0,0,0,0,0,0,0,0,0
2010,County DA,Siskiyou,0,0,0,0,0,0,0,0,0,0
2010,County DA,Solano,3,3,0,4,2,2,1,1,0,1
2010,County DA,Sonoma,2,2,0,0,0,0,0,0,0,0
2010,County DA,Stanislaus,1,1,0,0,0,0,0,0,0,0
2010,County DA,Sutter,0,0,0,0,0,0,0,0,0,0
2010,County DA,Tehama,0,0,0,0,0,0,0,0,0,0
2010,County DA,Trinity,0,0,0,0,0,0,0,0,0,0
2010,County DA,Tulare,1,1,0,1,0,1,1,1,0,0
2010,County DA,Tuolumne,0,0,0,0,0,0,0,0,0,0
2010,County DA,Ventura,11,3,0,2,0,2,2,2,0,0
2010,County DA,Yolo,5,5,0,4,1,3,2,2,0,1
2010,County DA,Yuba,1,1,0,1,0,1,0,0,0,1
2010,Elected City Attorney,Anaheim,0,0,0,0,0,0,0,0,0,0
2010,Elected City Attorney,Burbank,1,1,0,1,0,1,1,1,0,0
2010,Elected City Attorney,Inglewood,0,0,0,0,0,0,0,0,0,0
2010,Elected City Attorney,Long Beach,0,0,0,0,0,0,0,0,0,0
2010,Elected City Attorney,Los Angeles,14,3,1,3,0,3,1,1,0,2
2010,Elected City Attorney,Pasadena,0,0,0,0,0,0,0,0,0,0
2010,Elected City Attorney,San Diego,26,6,2,3,0,3,2,2,0,1
2010,Elected City Attorney,Torrance,1,1,1,1,0,1,0,0,0,1
2011,County DA,Alameda,4,5,0,6,1,5,2,2,0,3
2011,County DA,Alpine,0,0,0,0,0,0,0,0,0,0
2011,County DA,Amador,0,0,0,0,0,0,0,0,0,0
2011,County DA,Butte,4,2,2,2,0,2,1,1,0,1
2011,County DA,Calaveras,0,0,0,0,0,0,0,0,0,0
2011,County DA,Colusa,0,0,0,0,0,0,0,0,0,0
2011,County DA,Contra Costa,7,9,0,2,0,2,1,1,0,1
2011,County DA,Del Norte,0,0,0,0,0,0,0,0,0,0
2011,County DA,El Dorado,0,0,0,0,0,0,0,0,0,0
2011,County DA,Fresno,0,0,0,0,0,0,0,0,0,0
2011,County DA,Glenn,0,0,0,0,0,0,0,0,0,0
2011,County DA,Humboldt,6,3,0,1,0,1,0,0,0,1
2011,County DA,Imperial,0,0,0,0,0,0,0,0,0,0
2011,County DA,Inyo,0,0,0,0,0,0,0,0,0,0
2011,County DA,Kern,0,5,0,3,0,3,0,0,0,3
2011,County DA,Kings,0,0,0,0,0,0,0,0,0,0
2011,County DA,Lake,1,2,0,0,0,0,0,0,0,0
2011,County DA,Lassen,0,0,0,0,0,0,0,0,0,0
2011,County DA,Los Angeles,82,67,10,39,2,37,20,14,6,17
2011,County DA,Madera,0,0,0,0,0,0,0,0,0,0
2011,County DA,Marin,2,0,1,1,0,1,0,0,0,1
2011,County DA,Mariposa,0,0,0,0,0,0,0,0,0,0
2011,County DA,Mendocino,4,4,0,3,0,3,1,1,0,2
2011,County DA,Merced,0,0,0,0,0,0,0,0,0,0
2011,County DA,Modoc,0,0,0,0,0,0,0,0,0,0
2011,County DA,Mono,0,0,0,0,0,0,0,0,0,0
2011,County DA,Monterey,4,3,1,1,0,1,0,0,0,1
2011,County DA,Napa,0,0,0,0,0,0,0,0,0,0
2011,County DA,Nevada,0,0,0,0,0,0,0,0,0,0
2011,County DA,Orange,27,11,2,10,0,10,10,10,0,0
2011,County DA,Placer,1,1,1,1,0,1,0,0,0,1
2011,County DA,Plumas,0,0,0,0,0,0,0,0,0,0
2011,County DA,Riverside,13,2,9,6,0,6,2,2,0,4
2011,County DA,Sacramento,3,3,0,5,0,5,1,1,0,4
2011,County DA,San Benito,0,0,0,0,0,0,0,0,0,0
2011,County DA,San Bernardino,5,5,0,5,1,4,1,1,0,3
2011,County DA,San Diego,27,20,2,20,0,20,11,11,0,9
2011,County DA,San Francisco,26,17,1,17,0,17,12,12,0,5
2011,County DA,San Joaquin,1,1,0,1,0,1,0,0,0,1
2011,County DA,San Luis Obispo,5,5,0,4,0,4,0,0,0,4
2011,County DA,San Mateo,5,1,0,1,0,1,0,0,0,1
2011,County DA,Santa Barbara,3,1,0,0,0,0,0,0,0,0
2011,County DA,Santa Clara,13,6,4,6,0,6,3,3,0,3
2011,County DA,Santa Cruz,4,1,2,2,0,2,1,1,0,1
2011,County DA,Shasta,6,4,1,3,3,0,0,0,0,0
2011,County DA,Sierra,0,0,0,0,0,0,0,0,0,0
2011,County DA,Siskiyou,1,1,0,1,0,1,0,0,0,1
2011,County DA,Solano,0,0,0,0,0,0,0,0,0,0
2011,County DA,Sonoma,6,3,2,3,0,3,0,0,0,3
2011,County DA,Stanislaus,0,0,0,0,0,0,0,0,0,0
2011,County DA,Sutter,0,0,0,0,0,0,0,0,0,0
2011,County DA,Tehama,0,0,0,0,0,0,0,0,0,0
2011,County DA,Trinity,0,0,0,0,0,0,0,0,0,0
2011,County DA,Tulare,2,1,0,0,0,0,0,0,0,0
2011,County DA,Tuolumne,0,0,0,0,0,0,0,0,0,0
2011,County DA,Ventura,21,10,9,8,0,8,5,4,1,3
2011,County DA,Yolo,3,0,1,0,0,0,0,0,0,0
2011,County DA,Yuba,1,1,0,1,0,1,0,0,0,1
2011,Elected City Attorney,Anaheim,0,0,0,0,0,0,0,0,0,0
2011,Elected City Attorney,Burbank,1,1,0,1,0,1,0,0,0,1
2011,Elected City Attorney,Inglewood,0,0,0,0,0,0,0,0,0,0
2011,Elected City Attorney,Long Beach,0,0,0,0,0,0,0,0,0,0
2011,Elected City Attorney,Los Angeles,8,3,0,3,0,3,3,3,0,0
2011,Elected City Attorney,Pasadena,0,0,0,0,0,0,0,0,0,0
2011,Elected City Attorney,San Diego,17,6,1,5,0,5,0,0,0,5
2011,Elected City Attorney,Torrance,0,0,0,0,0,0,0,0,0,0
2012,County DA,Alameda,3,4,0,5,1,4,2,2,0,2
2012,County DA,Alpine,0,0,0,0,0,0,0,0,0,0
2012,County DA,Amador,0,0,0,0,0,0,0,0,0,0
2012,County DA,Butte,3,1,0,1,0,1,0,0,0,1
2012,County DA,Calaveras,0,0,0,0,0,0,0,0,0,0
2012,County DA,Colusa,0,0,0,0,0,0,0,0,0,0
2012,County DA,Contra Costa,4,4,0,9,5,4,1,1,0,3
2012,County DA,Del Norte,0,0,0,0,0,0,0,0,0,0
2012,County DA,El Dorado,2,0,1,0,0,0,0,0,0,0
2012,County DA,Fresno,5,2,2,2,0,2,1,1,0,1
2012,County DA,Glenn,1,1,0,1,0,1,1,1,0,0
2012,County DA,Humboldt,2,1,0,1,0,1,0,0,0,1
2012,County DA,Imperial,1,0,0,0,0,0,0,0,0,0
2012,County DA,Inyo,1,0,0,0,0,0,0,0,0,0
2012,County DA,Kern,2,0,0,0,0,0,0,0,0,0
2012,County DA,Kings,4,0,4,0,0,0,0,0,0,0
2012,County DA,Lake,2,0,2,0,0,0,0,0,0,0
2012,County DA,Lassen,0,0,0,0,0,0,0,0,0,0
2012,County DA,Los Angeles,77,52,1,29,4,25,12,7,5,13
2012,County DA,Madera,0,0,0,0,0,0,0,0,0,0
2012,County DA,Marin,1,0,1,1,0,1,0,0,0,1
2012,County DA,Mariposa,0,0,0,0,0,0,0,0,0,0
2012,County DA,Mendocino,0,0,0,0,0,0,0,0,0,0
2012,County DA,Merced,0,0,0,0,0,0,0,0,0,0
2012,County DA,Modoc,0,0,0,0,0,0,0,0,0,0
2012,County DA,Mono,0,0,0,0,0,0,0,0,0,0
2012,County DA,Monterey,1,1,0,3,0,3,2,2,0,1
2012,County DA,Napa,5,1,3,1,1,0,0,0,0,0
2012,County DA,Nevada,0,0,0,0,0,0,0,0,0,0
2012,County DA,Orange,16,8,4,6,0,6,6,6,0,0
2012,County DA,Placer,1,0,0,0,0,0,0,0,0,0
2012,County DA,Plumas,0,0,0,0,0,0,0,0,0,0
2012,County DA,Riverside,17,5,7,9,0,9,3,3,0,6
2012,County DA,Sacramento,10,7,3,6,1,5,3,3,0,2
2012,County DA,San Benito,0,0,0,0,0,0,0,0,0,0
2012,County DA,San Bernardino,5,1,2,1,0,1,0,0,0,1
2012,County DA,San Diego,17,11,6,10,1,9,2,2,0,7
2012,County DA,San Francisco,24,16,2,12,1,11,7,5,2,4
2012,County DA,San Joaquin,2,2,0,1,0,1,0,0,0,1
2012,County DA,San Luis Obispo,1,0,1,0,0,0,0,0,0,0
2012,County DA,San Mateo,2,2,0,2,0,2,0,0,0,2
2012,County DA,Santa Barbara,2,1,1,0,0,0,0,0,0,0
2012,County DA,Santa Clara,17,7,4,4,0,4,3,3,0,1
2012,County DA,Santa Cruz,6,1,1,2,1,1,0,0,0,1
2012,County DA,Shasta,7,1,2,0,0,0,0,0,0,0
2012,County DA,Sierra,0,0,0,0,0,0,0,0,0,0
2012,County DA,Siskiyou,3,3,0,2,1,1,1,1,0,0
2012,County DA,Solano,1,1,0,0,0,0,0,0,0,0
2012,County DA,Sonoma,0,0,0,0,0,0,0,0,0,0
2012,County DA,Stanislaus,3,2,0,2,0,2,0,0,0,2
2012,County DA,Sutter,1,0,0,1,0,1,0,0,0,1
2012,County DA,Tehama,1,1,0,2,1,1,0,0,0,1
2012,County DA,Trinity,0,0,0,0,0,0,0,0,0,0
2012,County DA,Tulare,3,3,0,3,0,3,2,1,1,1
2012,County DA,Tuolumne,1,0,0,0,0,0,0,0,0,0
2012,County DA,Ventura,11,2,6,0,0,0,0,0,0,0
2012,County DA,Yolo,5,3,0,1,0,1,1,1,0,0
2012,County DA,Yuba,4,3,0,0,0,0,0,0,0,0
2012,Elected City Attorney,Anaheim,1,1,0,1,0,1,1,1,0,0
2012,Elected City Attorney,Burbank,0,0,0,0,0,0,0,0,0,0
2012,Elected City Attorney,Inglewood,0,0,0,0,0,0,0,0,0,0
2012,Elected City Attorney,Long Beach,0,0,0,0,0,0,0,0,0,0
2012,Elected City Attorney,Los Angeles,20,5,3,3,0,3,1,1,0,2
2012,Elected City Attorney,Pasadena,0,0,0,0,0,0,0,0,0,0
2012,Elected City Attorney,San Diego,12,4,2,2,0,2,0,0,0,2
2012,Elected City Attorney,Torrance,1,1,0,1,0,1,0,0,0,1
2013,County DA,Alameda,5,5,0,5,0,5,2,2,0,3
2013,County DA,Alpine,0,0,0,0,0,0,0,0,0,0
2013,County DA,Amador,0,0,0,0,0,0,0,0,0,0
2013,County DA,Butte,2,2,0,0,0,0,0,0,0,0
2013,County DA,Calaveras,1,1,0,1,0,1,0,0,0,1
2013,County DA,Colusa,0,0,0,0,0,0,0,0,0,0
2013,County DA,Contra Costa,0,1,0,0,0,0,0,0,0,0
2013,County DA,Del Norte,0,0,0,0,0,0,0,0,0,0
2013,County DA,El Dorado,0,0,0,0,0,0,0,0,0,0
2013,County DA,Fresno,2,2,0,1,0,1,1,1,0,0
2013,County DA,Glenn,0,0,0,0,0,0,0,0,0,0
2013,County DA,Humboldt,1,1,0,0,0,0,0,0,0,0
2013,County DA,Imperial,1,1,0,2,0,2,2,2,0,0
2013,County DA,Inyo,0,0,0,0,0,0,0,0,0,0
2013,County DA,Kern,0,0,0,0,0,0,0,0,0,0
2013,County DA,Kings,8,8,0,7,0,7,4,4,0,3
2013,County DA,Lake,0,0,0,0,0,0,0,0,0,0
2013,County DA,Lassen,0,0,0,0,0,0,0,0,0,0
2013,County DA,Los Angeles,83,65,0,38,3,35,14,9,5,21
2013,County DA,Madera,0,0,0,0,0,0,0,0,0,0
2013,County DA,Marin,1,1,0,1,0,1,0,0,0,1
2013,County DA,Mariposa,0,0,0,0,0,0,0,0,0,0
2013,County DA,Mendocino,0,0,0,0,0,0,0,0,0,0
2013,County DA,Merced,0,0,0,0,0,0,0,0,0,0
2013,County DA,Modoc,0,0,0,0,0,0,0,0,0,0
2013,County DA,Mono,0,0,0,0,0,0,0,0,0,0
2013,County DA,Monterey,1,1,0,2,0,2,1,0,1,1
2013,County DA,Napa,0,0,0,0,0,0,0,0,0,0
2013,County DA,Nevada,0,0,0,0,0,0,0,0,0,0
2013,County DA,Orange,20,6,3,6,0,6,6,6,0,0
2013,County DA,Placer,2,0,1,1,0,1,0,0,0,1
2013,County DA,Plumas,0,0,0,0,0,0,0,0,0,0
2013,County DA,Riverside,18,10,4,12,0,12,6,5,1,6
2013,County DA,Sacramento,10,6,3,3,0,3,1,1,0,2
2013,County DA,San Benito,0,0,0,0,0,0,0,0,0,0
2013,County DA,San Bernardino,3,2,0,1,0,1,0,0,0,1
2013,County DA,San Diego,18,14,4,13,0,13,5,4,1,8
2013,County DA,San Francisco,26,13,5,6,1,5,4,4,0,1
2013,County DA,San Joaquin,5,4,1,4,0,4,0,0,0,4
2013,County DA,San Luis Obispo,2,2,0,2,0,2,2,2,0,0
2013,County DA,San Mateo,5,3,0,2,0,2,1,1,0,1
2013,County DA,Santa Barbara,4,0,4,0,0,0,0,0,0,0
2013,County DA,Santa Clara,8,8,0,1,0,1,0,0,0,1
2013,County DA,Santa Cruz,1,1,0,2,0,2,0,0,0,2
2013,County DA,Shasta,5,3,1,2,1,1,0,0,0,1
2013,County DA,Sierra,0,0,0,0,0,0,0,0,0,0
2013,County DA,Siskiyou,0,0,0,0,0,0,0,0,0,0
2013,County DA,Solano,0,0,0,0,0,0,0,0,0,0
2013,County DA,Sonoma,6,6,0,11,0,11,6,6,0,5
2013,County DA,Stanislaus,3,3,0,3,0,3,0,0,0,3
2013,County DA,Sutter,0,0,0,0,0,0,0,0,0,0
2013,County DA,Tehama,6,6,0,1,0,1,1,1,0,0
2013,County DA,Trinity,0,0,0,0,0,0,0,0,0,0
2013,County DA,Tulare,1,1,0,1,0,1,0,0,0,1
2013,County DA,Tuolumne,0,0,0,0,0,0,0,0,0,0
2013,County DA,Ventura,5,4,1,7,1,6,5,4,1,1
2013,County DA,Yolo,8,3,0,5,2,3,1,0,1,2
2013,County DA,Yuba,2,1,0,1,0,1,1,1,0,0
2013,Elected City Attorney,Chula Vista,0,0,0,0,0,0,0,0,0,0
2013,Elected City Attorney,Compton,0,0,0,0,0,0,0,0,0,0
2013,Elected City Attorney,Huntington Beach,0,0,0,0,0,0,0,0,0,0
2013,Elected City Attorney,Long Beach,5,4,2,4,0,4,2,2,0,2
2013,Elected City Attorney,Los Angeles,17,6,1,5,1,4,2,2,0,2
2013,Elected City Attorney,Oakland,0,0,0,0,0,0,0,0,0,0
2013,Elected City Attorney,Redondo Beach,2,1,0,2,0,2,1,1,0,1
2013,Elected City Attorney,San Bernardino,0,0,0,0,0,0,0,0,0,0
2013,Elected City Attorney,San Diego,12,1,1,1,0,1,0,0,0,1
2013,Elected City Attorney,San Francisco,0,0,0,0,0,0,0,0,0,0
2013,Elected City Attorney,San Rafael,0,0,0,0,0,0,0,0,0,0
2014,County DA,Alameda,4,4,0,4,0,4,2,2,0,2
2014,County DA,Alpine,0,0,0,0,0,0,0,0,0,0
2014,County DA,Amador,0,0,0,0,0,0,0,0,0,0
2014,County DA,Butte,1,0,0,0,0,0,0,0,0,0
2014,County DA,Calaveras,0,0,0,0,0,0,0,0,0,0
2014,County DA,Colusa,0,0,0,0,0,0,0,0,0,0
2014,County DA,Contra Costa,5,6,0,5,2,3,0,0,0,3
2014,County DA,Del Norte,0,0,0,0,0,0,0,0,0,0
2014,County DA,El Dorado,1,0,0,1,0,1,1,1,0,0
2014,County DA,Fresno,4,2,2,1,0,1,1,1,0,0
2014,County DA,Glenn,-,-,-,-,-,-,-,-,-,-
2014,County DA,Humboldt,3,1,0,1,0,1,1,1,0,0
2014,County DA,Imperial,0,0,0,0,0,0,0,0,0,0
2014,County DA,Inyo,0,0,0,0,0,0,0,0,0,0
2014,County DA,Kern,12,11,0,10,0,10,6,6,0,4
2014,County DA,Kings,2,1,1,4,0,4,4,4,0,0
2014,County DA,Lake,0,0,0,0,0,0,0,0,0,0
2014,County DA,Lassen,0,0,0,0,0,0,0,0,0,0
2014,County DA,Los Angeles,80,50,0,28,4,24,9,7,2,15
2014,County DA,Madera,0,0,0,0,0,0,0,0,0,0
2014,County DA,Marin,1,2,0,0,0,0,0,0,0,0
2014,County DA,Mariposa,0,0,0,0,0,0,0,0,0,0
2014,County DA,Mendocino,3,2,1,1,0,1,1,1,0,0
2014,County DA,Merced,0,0,0,0,0,0,0,0,0,0
2014,County DA,Modoc,0,0,0,0,0,0,0,0,0,0
2014,County DA,Mono,0,0,0,0,0,0,0,0,0,0
2014,County DA,Monterey,4,4,0,3,1,2,2,2,0,0
2014,County DA,Napa,1,0,0,0,0,0,0,0,0,0
2014,County DA,Nevada,0,0,0,0,0,0,0,0,0,0
2014,County DA,Orange,12,8,1,3,0,3,3,3,0,0
2014,County DA,Placer,3,1,1,0,0,0,0,0,0,0
2014,County DA,Plumas,0,0,0,0,0,0,0,0,0,0
2014,County DA,Riverside,14,5,8,2,1,1,1,1,0,0
2014,County DA,Sacramento,3,0,3,1,0,1,1,0,1,0
2014,County DA,San Benito,0,0,0,0,0,0,0,0,0,0
2014,County DA,San Bernardino,6,1,5,5,0,5,0,0,0,5
2014,County DA,San Diego,13,12,1,12,0,12,4,4,0,8
2014,County DA,San Francisco,13,6,2,5,0,5,2,2,0,3
2014,County DA,San Joaquin,6,1,0,1,0,1,1,1,0,0
2014,County DA,San Luis Obispo,1,1,0,0,0,0,0,0,0,0
2014,County DA,San Mateo,4,3,0,3,0,3,2,2,0,1
2014,County DA,Santa Barbara,2,0,2,0,0,0,0,0,0,0
2014,County DA,Santa Clara,7,4,1,3,1,2,1,1,0,1
2014,County DA,Santa Cruz,7,2,2,4,3,1,1,1,0,0
2014,County DA,Shasta,3,4,0,0,0,0,0,0,0,0
2014,County DA,Sierra,0,0,0,0,0,0,0,0,0,0
2014,County DA,Siskiyou,0,0,0,0,0,0,0,0,0,0
2014,County DA,Solano,1,1,0,1,0,1,0,0,0,1
2014,County DA,Sonoma,4,1,1,2,1,1,0,0,0,1
2014,County DA,Stanislaus,3,0,0,0,0,0,0,0,0,0
2014,County DA,Sutter,1,0,1,0,0,0,0,0,0,0
2014,County DA,Tehama,0,0,0,0,0,0,0,0,0,0
2014,County DA,Trinity,0,0,0,0,0,0,0,0,0,0
2014,County DA,Tulare,1,1,0,0,0,0,0,0,0,0
2014,County DA,Tuolumne,0,0,0,0,0,0,0,0,0,0
2014,County DA,Ventura,5,1,0,1,0,1,1,1,0,0
2014,County DA,Yolo,6,1,3,4,2,2,1,1,0,1
2014,County DA,Yuba,4,3,0,2,0,2,1,1,0,1
2014,Elected City Attorney,Chula Vista,0,0,0,0,0,0,0,0,0,0
2014,Elected City Attorney,Compton,0,0,0,0,0,0,0,0,0,0
2014,Elected City Attorney,Huntington Beach,0,0,0,0,0,0,0,0,0,0
2014,Elected City Attorney,Long Beach,1,1,0,1,0,1,1,1,0,0
2014,Elected City Attorney,Los Angeles,15,4,6,3,0,3,2,1,1,1
2014,Elected City Attorney,Oakland,0,0,0,0,0,0,0,0,0,0
2014,Elected City Attorney,Redondo Beach,1,0,1,1,0,1,0,0,0,1
2014,Elected City Attorney,San Bernardino,0,0,0,0,0,0,0,0,0,0
2014,Elected City Attorney,San Diego,7,4,2,2,0,2,1,1,0,1
2014,Elected City Attorney,San Francisco,0,0,0,0,0,0,0,0,0,0
2014,Elected City Attorney,San Rafael,0,0,0,0,0,0,0,0,0,0
2015,County DA,Alameda,4,4,0,2,0,2,0,0,0,2
2015,County DA,Alpine,,,,0,,0,0,,,
2015,County DA,Amador,1,1,0,0,0,0,0,0,0,0
2015,County DA,Butte,,,,0,,0,0,,,
2015,County DA,Calaveras,,,,0,,0,0,,,
2015,County DA,Colusa,,,,0,,0,0,,,
2015,County DA,Contra Costa,6,9,0,6,1,5,0,0,0,5
2015,County DA,Del Norte,,,,0,,0,0,,,
2015,County DA,El Dorado,,,,0,,0,0,,,
2015,County DA,Fresno,2,2,0,2,0,2,2,2,0,0
2015,County DA,Glenn,,,,0,,0,0,,,
2015,County DA,Humboldt,2,1,1,1,0,1,0,0,0,1
2015,County DA,Imperial,,,,0,,0,0,,,
2015,County DA,Inyo,2,1,1,4,0,4,2,2,0,2
2015,County DA,Kern,2,0,0,0,0,0,0,0,0,0
2015,County DA,Kings,4,2,1,3,0,3,2,2,0,1
2015,County DA,Lake,4,1,3,0,0,0,0,0,0,0
2015,County DA,Lassen,3,0,2,2,0,2,0,0,0,2
2015,County DA,Los Angeles,68,47,1,30,12,18,9,9,0,9
2015,County DA,Madera,,,,0,,0,0,,,
2015,County DA,Marin,1,0,0,1,0,1,1,0,1,0
2015,County DA,Mariposa,,,,0,,0,0,,,
2015,County DA,Mendocino,1,0,1,0,0,0,0,0,0,0
2015,County DA,Merced,,,,0,,0,0,,,
2015,County DA,Modoc,,,,0,,0,0,,,
2015,County DA,Mono,,,,0,,0,0,,,
2015,County DA,Monterey,4,3,1,3,0,3,0,0,0,3
2015,County DA,Napa,,,,0,,0,0,,,
2015,County DA,Nevada,2,1,0,0,0,0,0,0,0,0
2015,County DA,Orange,22,12,7,6,0,6,6,5,1,0
2015,County DA,Placer,4,0,2,0,0,0,0,0,0,0
2015,County DA,Plumas,,,,0,,0,0,,,
2015,County DA,Riverside,18,23,3,12,0,12,6,6,0,6
2015,County DA,Sacramento,10,7,3,5,0,5,3,3,0,2
2015,County DA,San Benito,,,,0,,0,0,,,
2015,County DA,San Bernardino,5,5,0,5,0,5,1,1,0,4
2015,County DA,San Diego,22,22,0,22,0,22,14,14,0,8
2015,County DA,San Francisco,18,12,0,8,2,6,3,2,1,3
2015,County DA,San Joaquin,8,8,0,2,0,2,1,1,0,1
2015,County DA,San Luis Obispo,3,2,1,0,0,0,0,0,0,0
2015,County DA,San Mateo,2,0,0,0,0,0,0,0,0,0
2015,County DA,Santa Barbara,0,0,0,1,0,1,1,1,0,0
2015,County DA,Santa Clara,4,3,0,2,0,2,0,0,0,2
2015,County DA,Santa Cruz,2,2,0,1,0,1,1,1,0,0
2015,County DA,Shasta,2,2,0,2,2,0,0,0,0,0
2015,County DA,Sierra,,,,0,,0,0,,,
2015,County DA,Siskiyou,,,,0,,0,0,,,
2015,County DA,Solano,1,1,0,0,0,0,0,0,0,0
2015,County DA,Sonoma,,,,0,,0,0,,,
2015,County DA,Stanislaus,2,1,0,1,0,1,1,1,0,0
2015,County DA,Sutter,,,,0,,0,0,,,
2015,County DA,Tehama,,,,0,,0,0,,,
2015,County DA,Trinity,,,,0,,0,0,,,
2015,County DA,Tulare,,,,0,,0,0,,,
2015,County DA,Tuolumne,1,0,0,0,0,0,0,0,0,0
2015,County DA,Ventura,7,5,3,3,1,2,1,0,1,1
2015,County DA,Yolo,1,1,0,1,0,1,0,0,0,1
2015,County DA,Yuba,3,3,0,3,1,2,1,1,0,1
2015,Elected City Attorney,Chula Vista,,,,0,,0,0,,,
2015,Elected City Attorney,Compton,,,,0,,0,0,,,
2015,Elected City Attorney,Huntington Beach,,,,0,,0,0,,,
2015,Elected City Attorney,Long Beach,3,4,0,4,0,4,2,2,0,2
2015,Elected City Attorney,Los Angeles,31,2,10,3,0,3,1,1,0,2
2015,Elected City Attorney,Oakland,,,,0,,0,0,,,
2015,Elected City Attorney,Redondo Beach,,,,0,,0,0,,,
2015,Elected City Attorney,San Bernardino,,,,0,,0,0,,,
2015,Elected City Attorney,San Diego,10,2,0,3,0,3,1,1,0,2
2015,Elected City Attorney,San Francisco,,,,0,,0,0,,,
2015,Elected City Attorney,San Rafael,,,,0,,0,0,,,
2016,County DA,Alameda,14,15,0,6,2,4,1,1,0,3
2016,County DA,Alpine,,,,0,,0,0,,,
2016,County DA,Amador,,,,0,,0,0,,,
2016,County DA,Butte,4,3,0,0,0,0,0,0,0,0
2016,County DA,Calaveras,,,,0,,0,0,,,
2016,County DA,Colusa,,,,0,,0,0,,,
2016,County DA,Contra Costa,7,8,0,7,2,5,2,2,0,3
2016,County DA,Del Norte,,,,0,,0,0,,,
2016,County DA,El Dorado,3,1,1,1,0,1,0,0,0,1
2016,County DA,Fresno,3,1,1,1,0,1,1,0,1,0
2016,County DA,Glenn,,,,0,,0,0,,,
2016,County DA,Humboldt,2,1,0,0,0,0,0,0,0,0
2016,County DA,Imperial,,,,0,,0,0,,,
2016,County DA,Inyo,2,2,0,2,0,2,0,0,0,2
2016,County DA,Kern,3,3,0,3,0,3,2,2,0,1
2016,County DA,Kings,2,2,0,1,0,1,1,1,0,0
2016,County DA,Lake,,,,0,,0,0,,,
2016,County DA,Lassen,,,,0,,0,0,,,
2016,County DA,Los Angeles,83,43,0,21,10,11,6,5,1,5
2016,County DA,Madera,,,,0,,0,0,,,
2016,County DA,Marin,3,1,1,1,1,0,0,0,0,0
2016,County DA,Mariposa,1,0,0,0,0,0,0,0,0,0
2016,County DA,Mendocino,8,6,0,5,2,3,1,1,0,2
2016,County DA,Merced,,,,0,,0,0,,,
2016,County DA,Modoc,,,,0,,0,0,,,
2016,County DA,Mono,,,,0,,0,0,,,
2016,County DA,Monterey,1,0,1,0,0,0,0,0,0,0
2016,County DA,Napa,,,,0,,0,0,,,
2016,County DA,Nevada,,,,0,,0,0,,,
2016,County DA,Orange,12,6,5,5,1,4,4,4,0,0
2016,County DA,Placer,3,1,1,0,0,0,0,0,0,0
2016,County DA,Plumas,,,,0,,0,0,,,
2016,County DA,Riverside,7,11,5,10,0,10,9,8,1,1
2016,County DA,Sacramento,8,1,5,8,0,8,2,1,1,6
2016,County DA,San Benito,,,,0,,0,0,,,
2016,County DA,San Bernardino,9,3,0,3,1,2,1,1,0,1
2016,County DA,San Diego,14,14,0,17,1,16,9,8,1,7
2016,County DA,San Francisco,28,14,7,4,2,2,0,0,0,2
2016,County DA,San Joaquin,2,2,0,2,0,2,2,2,0,0
2016,County DA,San Luis Obispo,,,,0,,0,0,,,
2016,County DA,San Mateo,2,2,0,1,0,1,1,1,0,0
2016,County DA,Santa Barbara,7,6,1,4,0,4,2,2,0,2
2016,County DA,Santa Clara,4,2,0,1,0,1,1,1,0,0
2016,County DA,Santa Cruz,7,1,4,3,0,3,3,3,0,0
2016,County DA,Shasta,7,2,2,1,0,1,0,0,0,1
2016,County DA,Sierra,,,,0,,0,0,,,
2016,County DA,Siskiyou,,,,0,,0,0,,,
2016,County DA,Solano,,,,0,,0,0,,,
2016,County DA,Sonoma,,,,0,,0,0,,,
2016,County DA,Stanislaus,1,0,0,0,0,0,0,0,0,0
2016,County DA,Sutter,,,,0,,0,0,,,
2016,County DA,Tehama,,,,0,,0,0,,,
2016,County DA,Trinity,,,,0,,0,0,,,
2016,County DA,Tulare,5,1,2,0,0,0,0,0,0,0
2016,County DA,Tuolumne,,,,0,,0,0,,,
2016,County DA,Ventura,8,6,1,1,0,1,1,1,0,0
2016,County DA,Yolo,11,3,6,1,0,1,0,0,0,1
2016,County DA,Yuba,1,1,0,1,0,1,1,1,0,0
2016,Elected City Attorney,Chula Vista,,,,0,,0,0,,,
2016,Elected City Attorney,Compton,,,,0,,0,0,,,
2016,Elected City Attorney,Huntington Beach,,,,0,,0,0,,,
2016,Elected City Attorney,Long Beach,4,4,0,3,0,3,0,0,0,3
2016,Elected City Attorney,Los Angeles,27,4,4,3,0,3,0,0,0,3
2016,Elected City Attorney,Oakland,,,,0,,0,0,,,
2016,Elected City Attorney,Redondo Beach,,,,0,,0,0,,,
2016,Elected City Attorney,San Bernardino,,,,0,,0,0,,,
2016,Elected City Attorney,San Diego,3,2,0,2,0,2,1,1,0,1
2016,Elected City Attorney,San Francisco,,,,0,,0,0,,,
2016,Elected City Attorney,San Rafael,1,1,0,0,0,0,0,0,0,0
2017,County DA,Alameda,61,12,0,10,1,9,2,2,0,7
2017,County DA,Alpine,,,,0,,0,0,,,
2017,County DA,Amador,,,,0,,0,0,,,
2017,County DA,Butte,1,2,0,0,0,0,0,0,0,0
2017,County DA,Calaveras,,,,0,,0,0,,,
2017,County DA,Colusa,,,,0,,0,0,,,
2017,County DA,Contra Costa,5,0,2,3,0,3,1,1,0,2
2017,County DA,Del Norte,,,,0,,0,0,,,
2017,County DA,El Dorado,3,1,1,0,0,0,0,0,0,0
2017,County DA,Fresno,4,8,2,4,0,4,3,3,0,1
2017,County DA,Glenn,2,2,0,2,0,2,0,0,0,2
2017,County DA,Humboldt,7,5,1,0,0,0,0,0,0,0
2017,County DA,Imperial,,,,0,,0,0,,,
2017,County DA,Inyo,,,,0,,0,0,,,
2017,County DA,Kern,6,6,0,3,0,3,2,2,0,1
2017,County DA,Kings,,,,0,,0,0,,,
2017,County DA,Lake,1,2,0,1,0,1,1,1,0,0
2017,County DA,Lassen,,,,0,,0,0,,,
2017,County DA,Los Angeles,84,50,13,16,0,16,16,16,0,0
2017,County DA,Madera,,,,0,,0,0,,,
2017,County DA,Marin,3,1,1,0,0,0,0,0,0,0
2017,County DA,Mariposa,,,,0,,0,0,,,
2017,County DA,Mendocino,6,1,0,2,0,2,1,1,0,1
2017,County DA,Merced,,,,0,,0,0,,,
2017,County DA,Modoc,,,,0,,0,0,,,
2017,County DA,Mono,,,,0,,0,0,,,
2017,County DA,Monterey,1,0,1,0,0,0,0,0,0,0
2017,County DA,Napa,,,,0,,0,0,,,
2017,County DA,Nevada,,,,0,,0,0,,,
2017,County DA,Orange,17,8,7,19,1,18,9,9,0,9
2017,County DA,Placer,6,1,1,0,0,0,0,0,0,0
2017,County DA,Plumas,1,1,0,0,0,0,0,0,0,0
2017,County DA,Riverside,11,8,0,9,0,9,5,5,0,4
2017,County DA,Sacramento,7,0,4,0,0,0,0,0,0,0
2017,County DA,San Benito,,,,0,,0,0,,,
2017,County DA,San Bernardino,6,6,0,6,2,4,2,2,0,2
2017,County DA,San Diego,25,13,4,13,0,13,5,5,0,8
2017,County DA,San Francisco,23,27,4,14,3,11,2,1,1,9
2017,County DA,San Joaquin,1,1,0,1,0,1,1,1,0,0
2017,County DA,San Luis Obispo,3,3,0,1,0,1,1,1,0,0
2017,County DA,San Mateo,5,4,1,0,0,0,0,0,0,0
2017,County DA,Santa Barbara,,,,0,,0,0,,,
2017,County DA,Santa Clara,5,3,1,1,0,1,1,1,0,0
2017,County DA,Santa Cruz,10,3,7,2,1,1,1,1,0,0
2017,County DA,Shasta,9,4,3,3,2,1,0,0,0,1
2017,County DA,Sierra,,,,0,,0,0,,,
2017,County DA,Siskiyou,,,,0,,0,0,,,
2017,County DA,Solano,2,2,0,1,0,1,1,1,0,0
2017,County DA,Sonoma,1,1,0,0,0,0,0,0,0,0
2017,County DA,Stanislaus,1,0,0,0,0,0,0,0,0,0
2017,County DA,Sutter,,,,0,,0,0,,,
2017,County DA,Tehama,,,,0,,0,0,,,
2017,County DA,Trinity,,,,0,,0,0,,,
2017,County DA,Tulare,,,,0,,0,0,,,
2017,County DA,Tuolumne,,,,0,,0,0,,,
2017,County DA,Ventura,4,5,0,2,0,2,2,1,1,0
2017,County DA,Yolo,5,3,2,3,0,3,3,3,0,0
2017,County DA,Yuba,3,3,0,1,0,1,1,1,0,0
2017,Elected City Attorney,Chula Vista,,,,0,,0,0,,,
2017,Elected City Attorney,Compton,,,,0,,0,0,,,
2017,Elected City Attorney,Huntington Beach,,,,0,,0,0,,,
2017,Elected City Attorney,Long Beach,2,2,0,0,0,0,0,0,0,0
2017,Elected City Attorney,Los Angeles,44,2,19,2,0,2,2,2,0,0
2017,Elected City Attorney,Oakland,,,,0,,0,0,,,
2017,Elected City Attorney,Redondo Beach,1,1,0,1,1,0,0,0,0,0
2017,Elected City Attorney,San Bernardino,,,,0,,0,0,,,
2017,Elected City Attorney,San Diego,7,4,2,4,0,4,3,3,0,1
2017,Elected City Attorney,San Francisco,,,,0,,0,0,,,
2017,Elected City Attorney,San Rafael,,,,0,,0,0,,,
2018,County DA,Alameda,6,4,0,6,1,5,1,1,0,4
2018,County DA,Alpine,0,0,0,0,0,0,0,0,0,0
2018,County DA,Amador,1,1,0,1,0,1,1,1,0,0
2018,County DA,Butte,2,2,0,1,0,1,1,1,0,0
2018,County DA,Calaveras,0,0,0,0,0,0,0,0,0,0
2018,County DA,Colusa,0,0,0,0,0,0,0,0,0,0
2018,County DA,Contra Costa,4,3,0,2,1,1,1,1,0,0
2018,County DA,Del Norte,0,0,0,0,0,0,0,0,0,0
2018,County DA,El Dorado,1,0,0,0,0,0,0,0,0,0
2018,County DA,Fresno,2,1,1,1,0,1,1,1,0,0
2018,County DA,Glenn,0,0,0,0,0,0,0,0,0,0
2018,County DA,Humboldt,2,1,0,0,0,0,0,0,0,0
2018,County DA,Imperial,0,0,0,0,0,0,0,0,0,0
2018,County DA,Inyo,0,0,0,0,0,0,0,0,0,0
2018,County DA,Kern,3,3,2,3,0,3,0,0,0,3
2018,County DA,Kings,1,1,0,0,0,0,0,0,0,0
2018,County DA,Lake,1,1,1,1,1,0,0,0,0,0
2018,County DA,Lassen,0,0,0,0,0,0,0,0,0,0
2018,County DA,Los Angeles,102,72,0,14,0,14,14,13,1,0
2018,County DA,Madera,0,0,0,0,0,0,0,0,0,0
2018,County DA,Marin,1,3,0,2,0,2,2,2,0,0
2018,County DA,Mariposa,0,0,0,0,0,0,0,0,0,0
2018,County DA,Mendocino,0,0,0,0,0,0,0,0,0,0
2018,County DA,Merced,1,0,0,0,0,0,0,0,0,0
2018,County DA,Modoc,0,0,0,0,0,0,0,0,0,0
2018,County DA,Mono,0,0,0,0,0,0,0,0,0,0
2018,County DA,Monterey,4,3,0,0,0,0,0,0,0,0
2018,County DA,Napa,0,0,0,0,0,0,0,0,0,0
2018,County DA,Nevada,0,0,0,0,0,0,0,0,0,0
2018,County DA,Orange,32,15,10,9,0,9,9,9,0,0
2018,County DA,Placer,4,0,1,0,0,0,0,0,0,0
2018,County DA,Plumas,0,0,0,0,0,0,0,0,0,0
2018,County DA,Riverside,22,11,6,10,0,10,5,3,2,5
2018,County DA,Sacramento,13,8,4,4,0,4,4,4,0,0
2018,County DA,San Benito,0,0,0,0,0,0,0,0,0,0
2018,County DA,San Bernardino,2,2,0,4,0,4,2,2,0,2
2018,County DA,San Diego,51,30,15,21,0,21,14,14,0,7
2018,County DA,San Francisco,29,23,1,3,0,3,1,0,1,2
2018,County DA,San Joaquin,4,4,0,2,0,2,0,0,0,2
2018,County DA,San Luis Obispo,11,11,0,3,0,3,3,3,0,0
2018,County DA,San Mateo,6,4,0,2,0,2,0,0,0,2
2018,County DA,Santa Barbara,2,2,0,1,0,1,1,1,0,0
2018,County DA,Santa Clara,25,5,7,3,0,3,2,2,0,1
2018,County DA,Santa Cruz,10,5,3,1,0,1,0,0,0,1
2018,County DA,Shasta,6,1,4,1,0,1,0,0,0,1
2018,County DA,Sierra,0,0,0,0,0,0,0,0,0,0
2018,County DA,Siskiyou,0,0,0,0,0,0,0,0,0,0
2018,County DA,Solano,2,0,0,0,0,0,0,0,0,0
2018,County DA,Sonoma,3,0,3,0,0,0,0,0,0,0
2018,County DA,Stanislaus,0,0,0,0,0,0,0,0,0,0
2018,County DA,Sutter,0,0,0,0,0,0,0,0,0,0
2018,County DA,Tehama,0,0,0,0,0,0,0,0,0,0
2018,County DA,Trinity,0,0,0,0,0,0,0,0,0,0
2018,County DA,Tulare,2,0,1,0,0,0,0,0,0,0
2018,County DA,Tuolumne,0,0,0,0,0,0,0,0,0,0
2018,County DA,Ventura,15,4,9,3,0,3,2,1,1,1
2018,County DA,Yolo,7,1,6,1,0,1,0,0,0,1
2018,County DA,Yuba,0,0,0,0,0,0,0,0,0,0
2018,Elected City Attorney,Chula Vista,0,0,0,0,0,0,0,0,0,0
2018,Elected City Attorney,Compton,0,0,0,0,0,0,0,0,0,0
2018,Elected City Attorney,Huntington Beach,0,0,0,0,0,0,0,0,0,0
2018,Elected City Attorney,Long Beach,0,0,0,0,0,0,0,0,0,0
2018,Elected City Attorney,Los Angeles,37,2,11,2,0,2,1,1,0,1
2018,Elected City Attorney,Oakland,0,0,0,0,0,0,0,0,0,0
2018,Elected City Attorney,Redondo Beach,0,0,0,0,0,0,0,0,0,0
2018,Elected City Attorney,San Bernardino,0,0,0,0,0,0,0,0,0,0
2018,Elected City Attorney,San Diego,11,5,1,2,0,2,2,2,0,0
2018,Elected City Attorney,San Francisco,0,0,0,0,0,0,0,0,0,0
2018,Elected City Attorney,San Rafael,0,0,0,0,0,0,0,0,0,0
2019,County DA,Alameda,7,6,0,6,0,6,1,1,0,5
2019,County DA,Alpine,0,0,0,0,0,0,0,0,0,0
2019,County DA,Amador,0,0,0,0,0,0,0,0,0,0
2019,County DA,Butte,2,0,0,0,0,0,0,0,0,0
2019,County DA,Calaveras,1,1,0,1,1,0,0,0,0,0
2019,County DA,Colusa,0,0,0,0,0,0,0,0,0,0
2019,County DA,ContraCosta,8,5,1,5,2,3,1,1,0,2
2019,County DA,DelNorte,0,0,0,0,0,0,0,0,0,0
2019,County DA,ElDorado,1,0,0,0,0,0,0,0,0,0
2019,County DA,Fresno,0,0,0,0,0,0,0,0,0,0
2019,County DA,Glenn,0,0,0,0,0,0,0,0,0,0
2019,County DA,Humboldt,3,1,1,1,0,1,1,1,0,0
2019,County DA,Imperial,0,0,0,0,0,0,0,0,0,0
2019,County DA,Inyo,0,0,0,0,0,0,0,0,0,0
2019,County DA,Kern,5,3,0,3,0,3,0,0,0,3
2019,County DA,Kings,0,0,0,0,0,0,0,0,0,0
2019,County DA,Lake,3,2,1,2,1,1,1,1,0,0
2019,County DA,Lassen,0,0,0,0,0,0,0,0,0,0
2019,County DA,LosAngeles,64,62,0,62,2,60,17,16,1,43
2019,County DA,Madera,0,0,0,0,0,0,0,0,0,0
2019,County DA,Marin,4,3,3,3,2,1,0,0,0,1
2019,County DA,Mariposa,0,0,0,0,0,0,0,0,0,0
2019,County DA,Mendocino,3,1,0,1,0,1,0,0,0,1
2019,County DA,Merced,0,0,0,0,0,0,0,0,0,0
2019,County DA,Modoc,0,0,0,0,0,0,0,0,0,0
2019,County DA,Mono,0,0,0,0,0,0,0,0,0,0
2019,County DA,Monterey,6,2,0,2,0,2,2,2,0,0
2019,County DA,Napa,0,0,0,0,0,0,0,0,0,0
2019,County DA,Nevada,0,0,0,0,0,0,0,0,0,0
2019,County DA,Orange,30,14,6,14,0,14,13,12,1,1
2019,County DA,Placer,0,2,0,2,0,2,2,2,0,0
2019,County DA,Plumas,0,0,0,0,0,0,0,0,0,0
2019,County DA,Riverside,17,5,3,5,0,5,2,2,0,3
2019,County DA,Sacramento,9,1,1,1,0,1,1,1,0,0
2019,County DA,SanBenito,0,0,0,0,0,0,0,0,0,0
2019,County DA,SanBernardino,2,0,0,0,0,0,0,0,0,0
2019,County DA,SanDiego,66,30,16,21,1,20,13,13,0,7
2019,County DA,SanFrancisco,24,16,2,6,1,5,5,4,1,0
2019,County DA,SanJoaquin,4,4,0,1,0,1,1,1,0,0
2019,County DA,SanLuisObispo,8,3,6,3,0,3,1,1,0,2
2019,County DA,SanMateo,3,2,0,2,0,2,2,2,0,0
2019,County DA,SantaBarbara,7,3,1,0,0,0,0,0,0,0
2019,County DA,SantaClara,16,2,11,2,0,2,2,2,0,0
2019,County DA,SantaCruz,6,6,2,6,0,6,3,3,0,3
2019,County DA,Shasta,14,8,4,5,0,5,3,3,0,2
2019,County DA,Sierra,0,0,0,0,0,0,0,0,0,0
2019,County DA,Siskiyou,0,0,0,0,0,0,0,0,0,0
2019,County DA,Solano,0,0,0,0,0,0,0,0,0,0
2019,County DA,Sonoma,0,0,0,0,0,0,0,0,0,0
2019,County DA,Stanislaus,0,0,0,0,0,0,0,0,0,0
2019,County DA,Sutter,0,0,0,0,0,0,0,0,0,0
2019,County DA,Tehama,0,0,0,0,0,0,0,0,0,0
2019,County DA,Trinity,0,0,0,0,0,0,0,0,0,0
2019,County DA,Tulare,4,0,0,0,0,0,0,0,0,0
2019,County DA,Tuolumne,1,1,0,1,0,1,0,0,0,1
2019,County DA,Ventura,6,2,3,2,0,2,2,2,0,0
2019,County DA,Yolo,3,0,2,0,0,0,0,0,0,0
2019,County DA,Yuba,0,0,0,0,0,0,0,0,0,0
2019,Elected City Attorney,  Chula Vista,0,0,0,0,0,0,0,0,0,0
2019,Elected City Attorney,  Compton,0,0,0,0,0,0,0,0,0,0
2019,Elected City Attorney,  Huntington Beach,0,0,0,0,0,0,0,0,0,0
2019,Elected City Attorney,  Long Beach,4,4,0,4,0,4,4,4,0,0
2019,Elected City Attorney,  Los Angeles,47,3,23,2,0,2,2,1,1,0
2019,Elected City Attorney,  Oakland,0,0,0,0,0,0,0,0,0,0
2019,Elected City Attorney,  Redondo Beach,0,0,0,0,0,0,0,0,0,0
2019,Elected City Attorney,  San Bernardino,0,0,0,0,0,0,0,0,0,0
2019,Elected City Attorney,  San Diego,8,3,2,3,0,3,3,3,0,0
2019,Elected City Attorney,  San Francisco,0,0,0,0,0,0,0,0,0,0
2019,Elected City Attorney,  San Rafael,6,5,0,0,0,0,0,0,0,0
2020,County DA,Alameda,15,10,2,1,0,1,0,0,0,1
2020,County DA,Alpine,0,0,0,0,0,0,0,0,0,0
2020,County DA,Amador,0,0,0,0,0,0,0,0,0,0
2020,County DA,Butte,4,2,2,2,0,2,2,2,0,0
2020,County DA,Calaveras,0,0,0,0,0,0,0,0,0,0
2020,County DA,Colusa,0,0,0,0,0,0,0,0,0,0
2020,County DA,Contra Costa,16,6,3,5,1,4,2,2,0,2
2020,County DA,Del Norte,0,0,0,0,0,0,0,0,0,0
2020,County DA,El Dorado,3,1,0,1,0,1,1,1,0,0
2020,County DA,Fresno,2,2,0,0,0,0,0,0,0,0
2020,County DA,Glenn,0,0,0,0,0,0,0,0,0,0
2020,County DA,Humboldt,3,2,0,0,0,0,0,0,0,0
2020,County DA,Imperial,0,0,0,0,0,0,0,0,0,0
2020,County DA,Inyo,1,1,0,1,0,1,0,0,0,1
2020,County DA,Kern,10,0,5,0,0,0,0,0,0,0
2020,County DA,Kings,0,0,0,0,0,0,0,0,0,0
2020,County DA,Lake,5,4,0,4,1,3,0,0,0,3
2020,County DA,Lassen,0,0,0,0,0,0,0,0,0,0
2020,County DA,Los Angeles,56,56,0,31,2,29,9,8,1,20
2020,County DA,Madera,0,0,0,0,0,0,0,0,0,0
2020,County DA,Marin,5,1,1,0,0,0,0,0,0,0
2020,County DA,Mariposa,1,1,0,0,0,0,0,0,0,0
2020,County DA,Mendocino,5,3,0,1,1,0,0,0,0,0
2020,County DA,Merced,0,0,0,0,0,0,0,0,0,0
2020,County DA,Modoc,0,0,0,0,0,0,0,0,0,0
2020,County DA,Mono,0,0,0,0,0,0,0,0,0,0
2020,County DA,Monterey,4,3,0,1,0,1,1,1,0,0
2020,County DA,Napa,0,0,0,0,0,0,0,0,0,0
2020,County DA,Nevada,0,0,0,0,0,0,0,0,0,0
2020,County DA,Orange,30,8,11,4,0,4,4,4,0,0
2020,County DA,Placer,5,4,0,1,0,1,1,1,0,0
2020,County DA,Plumas,0,0,0,0,0,0,0,0,0,0
2020,County DA,Riverside,22,14,5,3,0,3,3,3,0,0
2020,County DA,Sacramento,16,2,0,0,0,0,0,0,0,0
2020,County DA,San Benito,0,0,0,0,0,0,0,0,0,0
2020,County DA,San Bernardino,2,2,0,4,0,4,2,2,0,2
2020,County DA,San Diego,52,21,15,7,0,7,4,4,0,3
2020,County DA,San Francisco,31,9,8,13,6,7,7,6,1,0
2020,County DA,San Joaquin,3,1,2,0,0,0,0,0,0,0
2020,County DA,San Luis Obispo,10,6,3,1,0,1,1,1,0,0
2020,County DA,San Mateo,3,0,0,0,0,0,0,0,0,0
2020,County DA,Santa Barbara,6,2,2,1,0,1,1,1,0,0
2020,County DA,Santa Clara,17,14,3,2,0,2,1,1,0,1
2020,County DA,Santa Cruz,9,6,4,2,0,2,1,1,0,1
2020,County DA,Shasta,11,14,3,10,1,9,0,0,0,9
2020,County DA,Sierra,0,0,0,0,0,0,0,0,0,0
2020,County DA,Siskiyou,2,2,0,1,1,0,0,0,0,0
2020,County DA,Solano,3,2,0,1,0,1,1,1,0,0
2020,County DA,Sonoma,0,0,0,0,0,0,0,0,0,0
2020,County DA,Stanislaus,2,2,0,1,0,1,1,1,0,0
2020,County DA,Sutter,0,0,0,0,0,0,0,0,0,0
2020,County DA,Tehama,4,2,1,2,0,2,0,0,0,2
2020,County DA,Trinity,0,0,0,0,0,0,0,0,0,0
2020,County DA,Tulare,1,1,0,0,0,0,0,0,0,0
2020,County DA,Tuolumne,0,0,0,0,0,0,0,0,0,0
2020,County DA,Ventura,4,1,1,2,0,2,1,0,1,1
2020,County DA,Yolo,9,4,2,3,0,3,3,3,0,0
2020,County DA,Yuba,2,0,1,0,0,0,0,0,0,0
2020,Elected City Attorney,  Chula Vista,0,0,0,0,0,0,0,0,0,0
2020,Elected City Attorney,  Compton,0,0,0,0,0,0,0,0,0,0
2020,Elected City Attorney,  Huntington Beach,0,0,0,0,0,0,0,0,0,0
2020,Elected City Attorney,  Long Beach,1,1,0,1,0,1,0,0,0,1
2020,Elected City Attorney,  Los Angeles,42,6,12,2,0,2,0,0,0,2
2020,Elected City Attorney,  Oakland,0,0,0,0,0,0,0,0,0,0
2020,Elected City Attorney,  Redondo Beach,1,1,0,0,0,0,0,0,0,0
2020,Elected City Attorney,  San Bernardino,0,0,0,0,0,0,0,0,0,0
2020,Elected City Attorney,  San Diego,12,2,1,0,0,0,0,0,0,0
2020,Elected City Attorney,  San Francisco,0,0,0,0,0,0,0,0,0,0
2020,Elected City Attorney,  San Rafael,0,0,0,0,0,0,0,0,0,0
